temp_c,hum_pct,gas_ppm,temp_class,temp_membership,hum_class,hum_membership,gas_class,gas_membership,confidence
4.7,59.3,238,0,0.8433333333333334,2,0.9299999999999997,0,0.524,1.2000000000000002
4.7,59.4,272,0,0.8433333333333334,2,0.9399999999999998,0,0.456,1.2000000000000002
4.7,59.3,289,0,0.8433333333333334,2,0.9299999999999997,0,0.422,1.2000000000000002
4.7,59.3,311,0,0.8433333333333334,2,0.9299999999999997,0,0.378,1.2762124711316398
4.7,59.3,347,0,0.8433333333333334,2,0.9299999999999997,0,0.306,1.4606284658040667
4.7,59.3,359,0,0.8433333333333334,2,0.9299999999999997,1,0.295,1.5067590987868285
4.7,59.2,377,0,0.8433333333333334,2,0.9200000000000003,1,0.385,1.5660855784469097
4.7,59.2,400,0,0.8433333333333334,2,0.9200000000000003,1,0.5,1.6285714285714288
4.7,59.2,418,0,0.8433333333333334,2,0.9200000000000003,1,0.59,1.669496021220159
4.7,59.1,431,0,0.8433333333333334,2,0.9100000000000001,1,0.655,1.6955863808322824
4.7,59.2,450,0,0.8433333333333334,2,0.9200000000000003,1,0.75,1.7294117647058824
4.7,59.1,463,0,0.8433333333333334,2,0.9100000000000001,1,0.815,1.750056242969629
4.8,59.1,488,0,0.84,2,0.9100000000000001,1,0.94,1.7850622406639003
4.8,59.1,492,0,0.84,2,0.9100000000000001,1,0.96,1.7901639344262295
4.8,59.1,516,0,0.84,2,0.9100000000000001,1,0.84,1.8
4.8,59.0,514,0,0.84,2,0.9,1,0.86,1.8
4.8,59.1,521,0,0.84,2,0.9100000000000001,1,0.79,1.8
4.8,59.0,542,0,0.84,2,0.9,1,0.58,1.8
4.7,59.0,541,0,0.8433333333333334,2,0.9,1,0.59,1.8
4.8,59.0,548,0,0.84,2,0.9,1,0.52,1.8
4.8,58.9,570,0,0.84,2,0.8899999999999999,2,0.6666666666666666,2.2137931034482756
4.8,58.9,567,0,0.84,2,0.8899999999999999,2,0.4666666666666667,2.1514644351464436
4.8,58.8,573,0,0.84,2,0.8799999999999997,2,0.8666666666666667,2.2574780058651025
4.8,58.8,578,0,0.84,2,0.8799999999999997,2,0.96,2.288135593220339
4.8,58.8,586,0,0.84,2,0.8799999999999997,2,0.8533333333333334,2.315436241610738
4.8,58.8,589,0,0.84,2,0.8799999999999997,2,0.8133333333333334,2.3285198555956677
4.8,58.8,586,0,0.84,2,0.8799999999999997,2,0.8533333333333334,2.315436241610738
4.8,58.8,590,0,0.84,2,0.8799999999999997,2,0.8,2.333333333333333
4.8,58.8,591,0,0.84,2,0.8799999999999997,2,0.7866666666666666,2.338403041825095
4.8,58.7,594,0,0.84,2,0.8700000000000003,2,0.7466666666666667,2.3553719008264467
4.8,58.7,599,0,0.84,2,0.8700000000000003,2,0.68,2.391304347826087
4.8,58.7,603,0,0.84,2,0.8700000000000003,2,0.6266666666666667,2.4
4.8,58.6,604,0,0.84,2,0.8600000000000001,2,0.6133333333333333,2.4
4.8,58.6,600,0,0.84,2,0.8600000000000001,2,0.6666666666666666,2.4
4.8,58.6,602,0,0.84,2,0.8600000000000001,2,0.64,2.4
4.8,58.6,605,0,0.84,2,0.8600000000000001,2,0.6,2.4
4.8,58.5,604,0,0.84,2,0.85,2,0.6133333333333333,2.4
4.8,58.6,616,0,0.84,2,0.8600000000000001,2,0.4533333333333333,2.4
4.8,58.5,612,0,0.84,2,0.85,2,0.5066666666666667,2.4
4.8,58.4,610,0,0.84,2,0.8399999999999999,2,0.5333333333333333,2.4
4.8,58.4,605,0,0.84,2,0.8399999999999999,2,0.6,2.4
4.8,58.4,604,0,0.84,2,0.8399999999999999,2,0.6133333333333333,2.4
4.8,58.4,610,0,0.84,2,0.8399999999999999,2,0.5333333333333333,2.4
4.7,58.4,611,0,0.8433333333333334,2,0.8399999999999999,2,0.52,2.4
4.8,58.4,615,0,0.84,2,0.8399999999999999,2,0.4666666666666667,2.3999999999999995
4.8,58.3,610,0,0.84,2,0.8299999999999997,2,0.5333333333333333,2.4
4.8,58.3,617,0,0.84,2,0.8299999999999997,2,0.44,2.4
4.8,58.3,613,0,0.84,2,0.8299999999999997,2,0.49333333333333335,2.4
4.8,58.3,613,0,0.84,2,0.8299999999999997,2,0.49333333333333335,2.4
4.8,58.3,614,0,0.84,2,0.8299999999999997,2,0.48,2.4
4.7,58.2,610,0,0.8433333333333334,2,0.8200000000000003,2,0.5333333333333333,2.4
4.8,58.2,619,0,0.84,2,0.8200000000000003,2,0.41333333333333333,2.4
4.8,58.2,618,0,0.84,2,0.8200000000000003,2,0.4266666666666667,2.4
4.7,58.2,617,0,0.8433333333333334,2,0.8200000000000003,2,0.44,2.4
4.7,58.2,612,0,0.8433333333333334,2,0.8200000000000003,2,0.5066666666666667,2.4
4.7,58.2,608,0,0.8433333333333334,2,0.8200000000000003,2,0.56,2.4
4.7,58.2,614,0,0.8433333333333334,2,0.8200000000000003,2,0.48,2.4
4.8,58.2,614,0,0.84,2,0.8200000000000003,2,0.48,2.4
4.7,58.1,613,0,0.8433333333333334,2,0.8100000000000002,2,0.49333333333333335,2.4
4.7,58.1,625,0,0.8433333333333334,2,0.8100000000000002,2,0.3333333333333333,2.4
4.7,58.1,615,0,0.8433333333333334,2,0.8100000000000002,2,0.4666666666666667,2.3999999999999995
4.7,58.1,616,0,0.8433333333333334,2,0.8100000000000002,2,0.4533333333333333,2.4
4.7,58.1,611,0,0.8433333333333334,2,0.8100000000000002,2,0.52,2.4
4.7,58.1,614,0,0.8433333333333334,2,0.8100000000000002,2,0.48,2.4
4.7,58.1,613,0,0.8433333333333334,2,0.8100000000000002,2,0.49333333333333335,2.4
4.7,58.1,614,0,0.8433333333333334,2,0.8100000000000002,2,0.48,2.4
4.7,58.0,620,0,0.8433333333333334,2,0.8,2,0.4,2.4000000000000004
4.7,58.0,616,0,0.8433333333333334,2,0.8,2,0.4533333333333333,2.4
4.7,58.1,613,0,0.8433333333333334,2,0.8100000000000002,2,0.49333333333333335,2.4
4.7,58.0,622,0,0.8433333333333334,2,0.8,2,0.37333333333333335,2.4
4.7,57.9,613,0,0.8433333333333334,2,0.7899999999999998,2,0.49333333333333335,2.4
4.7,58.0,618,0,0.8433333333333334,2,0.8,2,0.4266666666666667,2.4
4.7,58.0,616,0,0.8433333333333334,2,0.8,2,0.4533333333333333,2.4
4.7,58.0,612,0,0.8433333333333334,2,0.8,2,0.5066666666666667,2.4
4.7,58.0,615,0,0.8433333333333334,2,0.8,2,0.4666666666666667,2.3999999999999995
4.7,58.0,611,0,0.8433333333333334,2,0.8,2,0.52,2.4
4.7,58.0,616,0,0.8433333333333334,2,0.8,2,0.4533333333333333,2.4
4.7,58.0,613,0,0.8433333333333334,2,0.8,2,0.49333333333333335,2.4
4.6,57.9,615,0,0.8466666666666666,2,0.7899999999999998,2,0.4666666666666667,2.3999999999999995
4.7,58.0,612,0,0.8433333333333334,2,0.8,2,0.5066666666666667,2.4
4.7,57.9,620,0,0.8433333333333334,2,0.7899999999999998,2,0.4,2.4000000000000004
4.7,58.0,614,0,0.8433333333333334,2,0.8,2,0.48,2.4
4.7,57.9,609,0,0.8433333333333334,2,0.7899999999999998,2,0.5466666666666666,2.4
4.7,57.9,614,0,0.8433333333333334,2,0.7899999999999998,2,0.48,2.4
4.7,58.0,615,0,0.8433333333333334,2,0.8,2,0.4666666666666667,2.3999999999999995
4.6,58.0,614,0,0.8466666666666666,2,0.8,2,0.48,2.4
4.7,58.0,601,0,0.8433333333333334,2,0.8,2,0.6533333333333333,2.4
4.7,57.9,611,0,0.8433333333333334,2,0.7899999999999998,2,0.52,2.4
4.7,57.9,611,0,0.8433333333333334,2,0.7899999999999998,2,0.52,2.4
4.6,57.9,608,0,0.8466666666666666,2,0.7899999999999998,2,0.56,2.4
4.7,57.9,615,0,0.8433333333333334,2,0.7899999999999998,2,0.4666666666666667,2.3999999999999995
4.6,57.9,606,0,0.8466666666666666,2,0.7899999999999998,2,0.5866666666666667,2.4
4.6,57.9,609,0,0.8466666666666666,2,0.7899999999999998,2,0.5466666666666666,2.4
4.7,57.9,612,0,0.8433333333333334,2,0.7899999999999998,2,0.5066666666666667,2.4
4.6,57.9,611,0,0.8466666666666666,2,0.7899999999999998,2,0.52,2.4
4.6,57.9,614,0,0.8466666666666666,2,0.7899999999999998,2,0.48,2.4
4.6,57.9,608,0,0.8466666666666666,2,0.7899999999999998,2,0.56,2.4
4.6,57.9,607,0,0.8466666666666666,2,0.7899999999999998,2,0.5733333333333334,2.4
4.6,57.9,605,0,0.8466666666666666,2,0.7899999999999998,2,0.6,2.4
4.6,57.9,623,0,0.8466666666666666,2,0.7899999999999998,2,0.36,2.4000000000000004
4.6,58.0,608,0,0.8466666666666666,2,0.8,2,0.56,2.4
4.6,57.9,613,0,0.8466666666666666,2,0.7899999999999998,2,0.49333333333333335,2.4
4.6,57.9,608,0,0.8466666666666666,2,0.7899999999999998,2,0.56,2.4
4.6,57.9,624,0,0.8466666666666666,2,0.7899999999999998,2,0.3466666666666667,2.4
4.6,57.9,610,0,0.8466666666666666,2,0.7899999999999998,2,0.5333333333333333,2.4
4.6,57.9,612,0,0.8466666666666666,2,0.7899999999999998,2,0.5066666666666667,2.4
4.6,57.9,612,0,0.8466666666666666,2,0.7899999999999998,2,0.5066666666666667,2.4
4.6,57.9,613,0,0.8466666666666666,2,0.7899999999999998,2,0.49333333333333335,2.4
4.6,57.9,607,0,0.8466666666666666,2,0.7899999999999998,2,0.5733333333333334,2.4
4.6,57.9,606,0,0.8466666666666666,2,0.7899999999999998,2,0.5866666666666667,2.4
4.6,57.9,605,0,0.8466666666666666,2,0.7899999999999998,2,0.6,2.4
4.6,57.9,609,0,0.8466666666666666,2,0.7899999999999998,2,0.5466666666666666,2.4
4.6,57.9,612,0,0.8466666666666666,2,0.7899999999999998,2,0.5066666666666667,2.4
4.6,57.9,608,0,0.8466666666666666,2,0.7899999999999998,2,0.56,2.4
4.6,57.9,605,0,0.8466666666666666,2,0.7899999999999998,2,0.6,2.4
4.6,57.9,607,0,0.8466666666666666,2,0.7899999999999998,2,0.5733333333333334,2.4
4.6,58.0,602,0,0.8466666666666666,2,0.8,2,0.64,2.4
4.6,57.9,615,0,0.8466666666666666,2,0.7899999999999998,2,0.4666666666666667,2.3999999999999995
4.5,57.9,602,0,0.85,2,0.7899999999999998,2,0.64,2.4
4.5,57.9,607,0,0.85,2,0.7899999999999998,2,0.5733333333333334,2.4
4.6,58.0,602,0,0.8466666666666666,2,0.8,2,0.64,2.4
4.5,58.0,603,0,0.85,2,0.8,2,0.6266666666666667,2.4
4.6,58.0,598,0,0.8466666666666666,2,0.8,2,0.6933333333333334,2.383177570093458
4.5,58.0,601,0,0.85,2,0.8,2,0.6533333333333333,2.4
4.5,58.0,602,0,0.85,2,0.8,2,0.64,2.4
4.5,58.0,606,0,0.85,2,0.8,2,0.5866666666666667,2.4
4.5,58.0,605,0,0.85,2,0.8,2,0.6,2.4
4.5,58.0,598,0,0.85,2,0.8,2,0.6933333333333334,2.383177570093458
4.5,58.0,611,0,0.85,2,0.8,2,0.52,2.4
4.5,58.0,606,0,0.85,2,0.8,2,0.5866666666666667,2.4
4.5,58.1,601,0,0.85,2,0.8100000000000002,2,0.6533333333333333,2.4
4.5,58.0,600,0,0.85,2,0.8,2,0.6666666666666666,2.4
4.5,58.0,604,0,0.85,2,0.8,2,0.6133333333333333,2.4
4.5,58.1,597,0,0.85,2,0.8100000000000002,2,0.7066666666666667,2.375565610859729
4.5,58.1,602,0,0.85,2,0.8100000000000002,2,0.64,2.4
4.5,58.0,599,0,0.85,2,0.8,2,0.68,2.391304347826087
4.5,58.0,606,0,0.85,2,0.8,2,0.5866666666666667,2.4
4.5,58.1,602,0,0.85,2,0.8100000000000002,2,0.64,2.4
4.5,58.1,601,0,0.85,2,0.8100000000000002,2,0.6533333333333333,2.4
4.5,58.0,610,0,0.85,2,0.8,2,0.5333333333333333,2.4
4.5,58.1,601,0,0.85,2,0.8100000000000002,2,0.6533333333333333,2.4
4.5,58.1,608,0,0.85,2,0.8100000000000002,2,0.56,2.4
4.5,58.1,609,0,0.85,2,0.8100000000000002,2,0.5466666666666666,2.4
4.5,58.1,602,0,0.85,2,0.8100000000000002,2,0.64,2.4
4.5,58.1,602,0,0.85,2,0.8100000000000002,2,0.64,2.4
4.5,58.2,607,0,0.85,2,0.8200000000000003,2,0.5733333333333334,2.4
4.5,58.2,599,0,0.85,2,0.8200000000000003,2,0.68,2.391304347826087
4.5,58.2,606,0,0.85,2,0.8200000000000003,2,0.5866666666666667,2.4
4.5,58.2,600,0,0.85,2,0.8200000000000003,2,0.6666666666666666,2.4
4.5,58.2,616,0,0.85,2,0.8200000000000003,2,0.4533333333333333,2.4
4.4,58.2,599,0,0.8533333333333334,2,0.8200000000000003,2,0.68,2.391304347826087
4.5,58.2,600,0,0.85,2,0.8200000000000003,2,0.6666666666666666,2.4
4.5,58.3,598,0,0.85,2,0.8299999999999997,2,0.6933333333333334,2.383177570093458
4.4,58.3,597,0,0.8533333333333334,2,0.8299999999999997,2,0.7066666666666667,2.375565610859729
4.4,58.3,603,0,0.8533333333333334,2,0.8299999999999997,2,0.6266666666666667,2.4
4.5,58.3,598,0,0.85,2,0.8299999999999997,2,0.6933333333333334,2.383177570093458
4.4,58.3,599,0,0.8533333333333334,2,0.8299999999999997,2,0.68,2.391304347826087
4.4,58.3,599,0,0.8533333333333334,2,0.8299999999999997,2,0.68,2.391304347826087
4.4,58.3,599,0,0.8533333333333334,2,0.8299999999999997,2,0.68,2.391304347826087
4.4,58.3,602,0,0.8533333333333334,2,0.8299999999999997,2,0.64,2.4
4.5,58.3,602,0,0.85,2,0.8299999999999997,2,0.64,2.4
4.4,58.3,601,0,0.8533333333333334,2,0.8299999999999997,2,0.6533333333333333,2.4
4.4,58.3,602,0,0.8533333333333334,2,0.8299999999999997,2,0.64,2.4
4.4,58.4,601,0,0.8533333333333334,2,0.8399999999999999,2,0.6533333333333333,2.4
4.4,58.4,599,0,0.8533333333333334,2,0.8399999999999999,2,0.68,2.391304347826087
4.4,58.5,600,0,0.8533333333333334,2,0.85,2,0.6666666666666666,2.4
4.4,58.4,598,0,0.8533333333333334,2,0.8399999999999999,2,0.6933333333333334,2.383177570093458
4.4,58.4,598,0,0.8533333333333334,2,0.8399999999999999,2,0.6933333333333334,2.383177570093458
4.4,58.4,599,0,0.8533333333333334,2,0.8399999999999999,2,0.68,2.391304347826087
4.4,58.5,598,0,0.8533333333333334,2,0.85,2,0.6933333333333334,2.383177570093458
4.4,58.4,598,0,0.8533333333333334,2,0.8399999999999999,2,0.6933333333333334,2.383177570093458
4.4,58.5,597,0,0.8533333333333334,2,0.85,2,0.7066666666666667,2.375565610859729
4.4,58.5,595,0,0.8533333333333334,2,0.85,2,0.7333333333333333,2.3617021276595747
4.4,58.5,598,0,0.8533333333333334,2,0.85,2,0.6933333333333334,2.383177570093458
4.4,58.5,596,0,0.8533333333333334,2,0.85,2,0.72,2.3684210526315788
4.4,58.5,597,0,0.8533333333333334,2,0.85,2,0.7066666666666667,2.375565610859729
4.4,58.5,591,0,0.8533333333333334,2,0.85,2,0.7866666666666666,2.338403041825095
4.4,58.5,600,0,0.8533333333333334,2,0.85,2,0.6666666666666666,2.4
4.4,58.5,593,0,0.8533333333333334,2,0.85,2,0.76,2.3493975903614457
4.4,58.5,597,0,0.8533333333333334,2,0.85,2,0.7066666666666667,2.375565610859729
4.4,58.5,598,0,0.8533333333333334,2,0.85,2,0.6933333333333334,2.383177570093458
4.4,58.5,590,0,0.8533333333333334,2,0.85,2,0.8,2.333333333333333
4.4,58.5,600,0,0.8533333333333334,2,0.85,2,0.6666666666666666,2.4
4.4,58.6,600,0,0.8533333333333334,2,0.8600000000000001,2,0.6666666666666666,2.4
4.4,58.5,595,0,0.8533333333333334,2,0.85,2,0.7333333333333333,2.3617021276595747
4.4,58.5,594,0,0.8533333333333334,2,0.85,2,0.7466666666666667,2.3553719008264467
4.4,58.6,592,0,0.8533333333333334,2,0.8600000000000001,2,0.7733333333333333,2.34375
4.4,58.6,593,0,0.8533333333333334,2,0.8600000000000001,2,0.76,2.3493975903614457
4.4,58.6,591,0,0.8533333333333334,2,0.8600000000000001,2,0.7866666666666666,2.338403041825095
4.4,58.6,594,0,0.8533333333333334,2,0.8600000000000001,2,0.7466666666666667,2.3553719008264467
4.4,58.6,591,0,0.8533333333333334,2,0.8600000000000001,2,0.7866666666666666,2.338403041825095
4.4,58.6,591,0,0.8533333333333334,2,0.8600000000000001,2,0.7866666666666666,2.338403041825095
4.4,58.6,599,0,0.8533333333333334,2,0.8600000000000001,2,0.68,2.391304347826087
4.4,58.6,589,0,0.8533333333333334,2,0.8600000000000001,2,0.8133333333333334,2.3285198555956677
4.4,58.6,595,0,0.8533333333333334,2,0.8600000000000001,2,0.7333333333333333,2.361702127659574
4.4,58.6,591,0,0.8533333333333334,2,0.8600000000000001,2,0.7866666666666666,2.338403041825095
4.4,58.6,600,0,0.8533333333333334,2,0.8600000000000001,2,0.6666666666666666,2.4
4.4,58.6,593,0,0.8533333333333334,2,0.8600000000000001,2,0.76,2.3493975903614457
4.4,58.6,596,0,0.8533333333333334,2,0.8600000000000001,2,0.72,2.3684210526315788
4.4,58.6,596,0,0.8533333333333334,2,0.8600000000000001,2,0.72,2.3684210526315788
4.4,58.7,594,0,0.8533333333333334,2,0.8700000000000003,2,0.7466666666666667,2.3553719008264467
4.3,58.6,599,0,0.8566666666666667,2,0.8600000000000001,2,0.68,2.391304347826087
4.4,58.6,591,0,0.8533333333333334,2,0.8600000000000001,2,0.7866666666666666,2.338403041825095
4.4,58.6,598,0,0.8533333333333334,2,0.8600000000000001,2,0.6933333333333334,2.383177570093458
4.4,58.6,591,0,0.8533333333333334,2,0.8600000000000001,2,0.7866666666666666,2.338403041825095
4.4,58.6,596,0,0.8533333333333334,2,0.8600000000000001,2,0.72,2.3684210526315788
4.4,58.6,591,0,0.8533333333333334,2,0.8600000000000001,2,0.7866666666666666,2.338403041825095
4.4,58.6,596,0,0.8533333333333334,2,0.8600000000000001,2,0.72,2.3684210526315788
4.4,58.6,598,0,0.8533333333333334,2,0.8600000000000001,2,0.6933333333333334,2.383177570093458
4.3,58.6,590,0,0.8566666666666667,2,0.8600000000000001,2,0.8,2.333333333333333
4.4,58.7,590,0,0.8533333333333334,2,0.8700000000000003,2,0.8,2.333333333333333
4.3,58.7,590,0,0.8566666666666667,2,0.8700000000000003,2,0.8,2.333333333333333
4.3,58.6,592,0,0.8566666666666667,2,0.8600000000000001,2,0.7733333333333333,2.34375
4.3,58.7,587,0,0.8566666666666667,2,0.8700000000000003,2,0.84,2.319587628865979
4.3,58.7,590,0,0.8566666666666667,2,0.8700000000000003,2,0.8,2.333333333333333
4.3,58.7,590,0,0.8566666666666667,2,0.8700000000000003,2,0.8,2.333333333333333
4.3,58.7,596,0,0.8566666666666667,2,0.8700000000000003,2,0.72,2.3684210526315788
4.3,58.8,587,0,0.8566666666666667,2,0.8799999999999997,2,0.84,2.319587628865979
4.3,58.7,589,0,0.8566666666666667,2,0.8700000000000003,2,0.8133333333333334,2.328519855595668
4.3,58.8,591,0,0.8566666666666667,2,0.8799999999999997,2,0.7866666666666666,2.338403041825095
4.4,58.8,589,0,0.8533333333333334,2,0.8799999999999997,2,0.8133333333333334,2.3285198555956677
4.3,58.7,591,0,0.8566666666666667,2,0.8700000000000003,2,0.7866666666666666,2.338403041825095
4.3,58.7,587,0,0.8566666666666667,2,0.8700000000000003,2,0.84,2.319587628865979
4.3,58.8,591,0,0.8566666666666667,2,0.8799999999999997,2,0.7866666666666666,2.338403041825095
4.3,58.8,591,0,0.8566666666666667,2,0.8799999999999997,2,0.7866666666666666,2.338403041825095
4.3,58.8,587,0,0.8566666666666667,2,0.8799999999999997,2,0.84,2.319587628865979
4.3,58.8,589,0,0.8566666666666667,2,0.8799999999999997,2,0.8133333333333334,2.3285198555956677
4.3,58.8,586,0,0.8566666666666667,2,0.8799999999999997,2,0.8533333333333334,2.315436241610738
4.3,58.8,588,0,0.8566666666666667,2,0.8799999999999997,2,0.8266666666666667,2.3239436619718306
4.3,58.8,590,0,0.8566666666666667,2,0.8799999999999997,2,0.8,2.333333333333333
4.3,58.8,592,0,0.8566666666666667,2,0.8799999999999997,2,0.7733333333333333,2.34375
4.3,58.9,594,0,0.8566666666666667,2,0.8899999999999999,2,0.7466666666666667,2.3553719008264467
4.3,58.8,588,0,0.8566666666666667,2,0.8799999999999997,2,0.8266666666666667,2.3239436619718306
4.3,58.8,589,0,0.8566666666666667,2,0.8799999999999997,2,0.8133333333333334,2.3285198555956677
4.3,58.9,586,0,0.8566666666666667,2,0.8899999999999999,2,0.8533333333333334,2.3154362416107386
4.3,58.9,590,0,0.8566666666666667,2,0.8899999999999999,2,0.8,2.333333333333333
4.3,58.9,587,0,0.8566666666666667,2,0.8899999999999999,2,0.84,2.319587628865979
4.3,58.9,589,0,0.8566666666666667,2,0.8899999999999999,2,0.8133333333333334,2.328519855595668
4.3,58.9,587,0,0.8566666666666667,2,0.8899999999999999,2,0.84,2.319587628865979
4.3,58.9,588,0,0.8566666666666667,2,0.8899999999999999,2,0.8266666666666667,2.323943661971831
4.3,58.9,590,0,0.8566666666666667,2,0.8899999999999999,2,0.8,2.333333333333333
4.3,58.9,589,0,0.8566666666666667,2,0.8899999999999999,2,0.8133333333333334,2.328519855595668
4.3,58.9,590,0,0.8566666666666667,2,0.8899999999999999,2,0.8,2.333333333333333
4.3,59.0,588,0,0.8566666666666667,2,0.9,2,0.8266666666666667,2.323943661971831
4.3,59.0,590,0,0.8566666666666667,2,0.9,2,0.8,2.333333333333333
4.3,59.0,585,0,0.8566666666666667,2,0.9,2,0.8666666666666667,2.3114754098360657
4.3,59.1,589,0,0.8566666666666667,2,0.9100000000000001,2,0.8133333333333334,2.328519855595668
4.3,59.0,591,0,0.8566666666666667,2,0.9,2,0.7866666666666666,2.338403041825095
4.3,59.0,593,0,0.8566666666666667,2,0.9,2,0.76,2.3493975903614457
4.3,59.0,589,0,0.8566666666666667,2,0.9,2,0.8133333333333334,2.328519855595668
4.3,59.0,585,0,0.8566666666666667,2,0.9,2,0.8666666666666667,2.3114754098360657
4.3,59.0,588,0,0.8566666666666667,2,0.9,2,0.8266666666666667,2.323943661971831
4.3,59.1,587,0,0.8566666666666667,2,0.9100000000000001,2,0.84,2.319587628865979
4.3,59.1,590,0,0.8566666666666667,2,0.9100000000000001,2,0.8,2.333333333333333
4.3,59.0,589,0,0.8566666666666667,2,0.9,2,0.8133333333333334,2.328519855595668
4.3,59.1,596,0,0.8566666666666667,2,0.9100000000000001,2,0.72,2.3684210526315788
4.3,59.1,587,0,0.8566666666666667,2,0.9100000000000001,2,0.84,2.319587628865979
4.3,59.1,587,0,0.8566666666666667,2,0.9100000000000001,2,0.84,2.319587628865979
4.3,59.1,590,0,0.8566666666666667,2,0.9100000000000001,2,0.8,2.333333333333333
4.3,59.1,585,0,0.8566666666666667,2,0.9100000000000001,2,0.8666666666666667,2.3114754098360657
4.3,59.1,589,0,0.8566666666666667,2,0.9100000000000001,2,0.8133333333333334,2.328519855595668
4.3,59.1,589,0,0.8566666666666667,2,0.9100000000000001,2,0.8133333333333334,2.328519855595668
4.3,59.1,584,0,0.8566666666666667,2,0.9100000000000001,2,0.88,2.3076923076923075
4.3,59.1,597,0,0.8566666666666667,2,0.9100000000000001,2,0.7066666666666667,2.375565610859729
4.3,59.1,584,0,0.8566666666666667,2,0.9100000000000001,2,0.88,2.3076923076923075
4.3,59.1,586,0,0.8566666666666667,2,0.9100000000000001,2,0.8533333333333334,2.3154362416107386
4.3,59.2,585,0,0.8566666666666667,2,0.9200000000000003,2,0.8666666666666667,2.3114754098360657
4.3,59.2,583,0,0.8566666666666667,2,0.9200000000000003,2,0.8933333333333333,2.3040752351097185
4.3,59.2,596,0,0.8566666666666667,2,0.9200000000000003,2,0.72,2.3684210526315788
4.3,59.2,589,0,0.8566666666666667,2,0.9200000000000003,2,0.8133333333333334,2.328519855595668
4.3,59.2,585,0,0.8566666666666667,2,0.9200000000000003,2,0.8666666666666667,2.3114754098360657
4.3,59.2,584,0,0.8566666666666667,2,0.9200000000000003,2,0.88,2.3076923076923075
4.3,59.1,586,0,0.8566666666666667,2,0.9100000000000001,2,0.8533333333333334,2.3154362416107386
4.3,59.2,583,0,0.8566666666666667,2,0.9200000000000003,2,0.8933333333333333,2.3040752351097185
4.3,59.2,581,0,0.8566666666666667,2,0.9200000000000003,2,0.92,2.2972972972972974
4.3,59.2,583,0,0.8566666666666667,2,0.9200000000000003,2,0.8933333333333333,2.3040752351097185
4.3,59.2,582,0,0.8566666666666667,2,0.9200000000000003,2,0.9066666666666666,2.3006134969325154
4.3,59.2,580,0,0.8566666666666667,2,0.9200000000000003,2,0.9333333333333333,2.2941176470588234
4.3,59.1,584,0,0.8566666666666667,2,0.9100000000000001,2,0.88,2.3076923076923075
4.3,59.2,583,0,0.8566666666666667,2,0.9200000000000003,2,0.8933333333333333,2.3040752351097185
4.3,59.2,584,0,0.8566666666666667,2,0.9200000000000003,2,0.88,2.3076923076923075
4.3,59.2,582,0,0.8566666666666667,2,0.9200000000000003,2,0.9066666666666666,2.3006134969325154
4.3,59.2,584,0,0.8566666666666667,2,0.9200000000000003,2,0.88,2.3076923076923075
4.3,59.2,580,0,0.8566666666666667,2,0.9200000000000003,2,0.9333333333333333,2.2941176470588234
4.3,59.2,583,0,0.8566666666666667,2,0.9200000000000003,2,0.8933333333333333,2.3040752351097185
4.3,59.3,578,0,0.8566666666666667,2,0.9299999999999997,2,0.96,2.288135593220339
4.3,59.2,586,0,0.8566666666666667,2,0.9200000000000003,2,0.8533333333333334,2.3154362416107386
4.3,59.2,586,0,0.8566666666666667,2,0.9200000000000003,2,0.8533333333333334,2.3154362416107386
4.3,59.3,583,0,0.8566666666666667,2,0.9299999999999997,2,0.8933333333333333,2.3040752351097185
4.3,59.3,585,0,0.8566666666666667,2,0.9299999999999997,2,0.8666666666666667,2.3114754098360657
4.3,59.3,585,0,0.8566666666666667,2,0.9299999999999997,2,0.8666666666666667,2.3114754098360657
4.3,59.3,580,0,0.8566666666666667,2,0.9299999999999997,2,0.9333333333333333,2.2941176470588234
4.3,59.2,585,0,0.8566666666666667,2,0.9200000000000003,2,0.8666666666666667,2.3114754098360657
4.3,59.3,594,0,0.8566666666666667,2,0.9299999999999997,2,0.7466666666666667,2.3553719008264467
4.3,59.3,582,0,0.8566666666666667,2,0.9299999999999997,2,0.9066666666666666,2.3006134969325154
4.3,59.2,584,0,0.8566666666666667,2,0.9200000000000003,2,0.88,2.3076923076923075
4.3,59.2,578,0,0.8566666666666667,2,0.9200000000000003,2,0.96,2.288135593220339
4.3,59.2,577,0,0.8566666666666667,2,0.9200000000000003,2,0.9733333333333334,2.285318559556787
4.3,59.2,581,0,0.8566666666666667,2,0.9200000000000003,2,0.92,2.2972972972972974
4.3,59.3,579,0,0.8566666666666667,2,0.9299999999999997,2,0.9466666666666667,2.291066282420749
4.3,59.3,595,0,0.8566666666666667,2,0.9299999999999997,2,0.7333333333333333,2.3617021276595747
4.3,59.2,581,0,0.8566666666666667,2,0.9200000000000003,2,0.92,2.2972972972972974
4.3,59.3,582,0,0.8566666666666667,2,0.9299999999999997,2,0.9066666666666666,2.3006134969325154
4.3,59.3,582,0,0.8566666666666667,2,0.9299999999999997,2,0.9066666666666666,2.3006134969325154
4.3,59.2,580,0,0.8566666666666667,2,0.9200000000000003,2,0.9333333333333333,2.2941176470588234
4.3,59.2,583,0,0.8566666666666667,2,0.9200000000000003,2,0.8933333333333333,2.3040752351097185
4.3,59.2,580,0,0.8566666666666667,2,0.9200000000000003,2,0.9333333333333333,2.2941176470588234
4.3,59.3,583,0,0.8566666666666667,2,0.9299999999999997,2,0.8933333333333333,2.3040752351097185
4.3,59.3,582,0,0.8566666666666667,2,0.9299999999999997,2,0.9066666666666666,2.3006134969325154
4.3,59.4,578,0,0.8566666666666667,2,0.9399999999999998,2,0.96,2.288135593220339
4.3,59.3,580,0,0.8566666666666667,2,0.9299999999999997,2,0.9333333333333333,2.2941176470588234
4.3,59.3,581,0,0.8566666666666667,2,0.9299999999999997,2,0.92,2.2972972972972974
4.3,59.3,580,0,0.8566666666666667,2,0.9299999999999997,2,0.9333333333333333,2.2941176470588234
4.3,59.3,580,0,0.8566666666666667,2,0.9299999999999997,2,0.9333333333333333,2.2941176470588234
4.3,59.3,577,0,0.8566666666666667,2,0.9299999999999997,2,0.9733333333333334,2.285318559556787
4.3,59.3,576,0,0.8566666666666667,2,0.9299999999999997,2,0.9866666666666667,2.282608695652174
4.3,59.3,580,0,0.8566666666666667,2,0.9299999999999997,2,0.9333333333333333,2.2941176470588234
4.3,59.4,580,0,0.8566666666666667,2,0.9399999999999998,2,0.9333333333333333,2.2941176470588234
4.3,59.4,585,0,0.8566666666666667,2,0.9399999999999998,2,0.8666666666666667,2.3114754098360657
4.3,59.4,577,0,0.8566666666666667,2,0.9399999999999998,2,0.9733333333333334,2.285318559556787
4.2,59.4,582,0,0.86,2,0.9399999999999998,2,0.9066666666666666,2.3006134969325154
4.3,59.4,582,0,0.8566666666666667,2,0.9399999999999998,2,0.9066666666666666,2.3006134969325154
4.3,59.4,580,0,0.8566666666666667,2,0.9399999999999998,2,0.9333333333333333,2.2941176470588234
4.3,59.4,591,0,0.8566666666666667,2,0.9399999999999998,2,0.7866666666666666,2.338403041825095
4.3,59.4,583,0,0.8566666666666667,2,0.9399999999999998,2,0.8933333333333333,2.3040752351097185
4.2,59.4,578,0,0.86,2,0.9399999999999998,2,0.96,2.288135593220339
4.2,59.5,574,0,0.86,2,0.95,2,0.9333333333333333,2.2692737430167598
4.3,59.5,582,0,0.8566666666666667,2,0.95,2,0.9066666666666666,2.3006134969325154
4.3,59.5,579,0,0.8566666666666667,2,0.95,2,0.9466666666666667,2.291066282420749
4.2,59.5,579,0,0.86,2,0.95,2,0.9466666666666667,2.291066282420749
4.3,59.5,581,0,0.8566666666666667,2,0.95,2,0.92,2.2972972972972974
4.2,59.5,580,0,0.86,2,0.95,2,0.9333333333333333,2.2941176470588234
4.2,59.5,584,0,0.86,2,0.95,2,0.88,2.3076923076923075
4.2,59.6,576,0,0.86,2,0.9600000000000002,2,0.9866666666666667,2.282608695652174
4.3,59.6,584,0,0.8566666666666667,2,0.9600000000000002,2,0.88,2.3076923076923075
4.2,59.6,578,0,0.86,2,0.9600000000000002,2,0.96,2.288135593220339
4.2,59.5,579,0,0.86,2,0.95,2,0.9466666666666667,2.291066282420749
4.2,59.6,581,0,0.86,2,0.9600000000000002,2,0.92,2.2972972972972974
4.2,59.6,574,0,0.86,2,0.9600000000000002,2,0.9333333333333333,2.26927374301676
4.3,59.6,577,0,0.8566666666666667,2,0.9600000000000002,2,0.9733333333333334,2.285318559556787
4.2,59.6,578,0,0.86,2,0.9600000000000002,2,0.96,2.288135593220339
4.2,59.6,578,0,0.86,2,0.9600000000000002,2,0.96,2.288135593220339
4.2,59.6,579,0,0.86,2,0.9600000000000002,2,0.9466666666666667,2.291066282420749
4.2,59.6,574,0,0.86,2,0.9600000000000002,2,0.9333333333333333,2.26927374301676
4.2,59.6,576,0,0.86,2,0.9600000000000002,2,0.9866666666666667,2.282608695652174
4.2,59.6,579,0,0.86,2,0.9600000000000002,2,0.9466666666666667,2.291066282420749
4.2,59.6,582,0,0.86,2,0.9600000000000002,2,0.9066666666666666,2.3006134969325154
4.2,59.7,575,0,0.86,2,0.9700000000000003,2,1.0,2.2800000000000002
4.2,59.6,578,0,0.86,2,0.9600000000000002,2,0.96,2.288135593220339
4.2,59.7,576,0,0.86,2,0.9700000000000003,2,0.9866666666666667,2.282608695652174
4.2,59.6,575,0,0.86,2,0.9600000000000002,2,1.0,2.2800000000000002
4.2,59.7,574,0,0.86,2,0.9700000000000003,2,0.9333333333333333,2.26927374301676
4.2,59.6,577,0,0.86,2,0.9600000000000002,2,0.9733333333333334,2.285318559556787
4.2,59.7,578,0,0.86,2,0.9700000000000003,2,0.96,2.288135593220339
4.2,59.7,576,0,0.86,2,0.9700000000000003,2,0.9866666666666667,2.282608695652174
4.2,59.7,575,0,0.86,2,0.9700000000000003,2,1.0,2.2800000000000002
4.2,59.7,577,0,0.86,2,0.9700000000000003,2,0.9733333333333334,2.285318559556787
4.2,59.8,574,0,0.86,2,0.9799999999999998,2,0.9333333333333333,2.26927374301676
4.2,59.7,578,0,0.86,2,0.9700000000000003,2,0.96,2.288135593220339
4.2,59.8,576,0,0.86,2,0.9799999999999998,2,0.9866666666666667,2.282608695652174
4.2,59.8,576,0,0.86,2,0.9799999999999998,2,0.9866666666666667,2.282608695652174
